,final_pnl,sharpe,hit_rate
Naive,276.55460084296453,0.1669653579966706,0.004333333333333333
Inventory,200.9389678311431,0.2028817186053907,0.0016666666666666668
A-S,1004.8578073178305,0.9178405858126683,0.0033333333333333335
MeanRev,-109.45920124881039,-0.036145624654855706,0.012666666666666666
Momentum,1863.744494194045,0.1496710422719009,0.221
